Uniprot,IonChannelName,AlternativeNames,IonChannelSymbol,Ion,Family,GateMechanism,PubMed
P30301,Lens fiber major intrinsic protein,MP26,MIP (AQP0),water,Aquaporin,ligand-gated (calmodulin),"PMID: 26365508, PMID: 23893133"
P29972,Aquaporin-1,,AQP1 (CHIP28),"water, ammonia",Aquaporin,"ligand-gated (cGMP), phosphorylation","PMID: 26365508, PMID: 16962972"
P41181,Aquaporin-2,AQP-CD,AQP2,water,Aquaporin,osmotic permeability,PMID: 33576101
Q92482,Aquaporin-3,,AQP3,"water, glycerol, ammonia",Aquaporin,proton-gated,PMID: 26365508
P55087,Aquaporin-4,MIWC,AQP4,water,Aquaporin,osmotic permeability,"PMID: 19842162, PMID: 25150048"
P55064,Aquaporin-5,,AQP5,"water, non-selective anion",Aquaporin,osmotic permeability,PMID: 23565173
Q13520,Aquaporin-6,hKID,AQP6 (AQP2L),"water,glycerol, ammonia, urea, anions",Aquaporin,osmotic permeability,PMID: 25225485
O14520,Aquaporin-7,AQPap,"AQP7 (AQP7L, AQP9)","water, glycerol, ammonia, urea",Aquaporin,pH sensitive,PMID: 30423801
O94778,Aquaporin-8,,AQP8,"water,  ammonia",Aquaporin,persulfidation,PMID: 29732408
O43315,Aquaporin-9,,AQP9 (SSC1),"water,  glycerol, ammonia, urea, monocarboxylates",Aquaporin,osmotic permeability,
Q96PS8,Aquaporin-10,,AQP10,"water, glycerol, urea",Aquaporin,pH sensitive,PMID: 30420639
Q8NBQ7,Aquaporin-11,,AQP11 (AQPX1),"water, glycerol",Aquaporin,unknown,
P35523,Chloride channel protein 1,,CLCN1 (CLC1),chloride,CIC,voltage-gated,PMID: 29809153
P51788,Chloride channel protein 2,,CLCN2 (ClC-2),chloride,CIC,voltage-gated,PMID: 17762171
P51800,Chloride channel protein ClC-Ka,,CLCNKA,chloride,CIC,voltage-gated,PMID: 8112288
P51801,Chloride channel protein ClC-Kb,,CLCNKB,chloride,CIC,voltage-gated,PMID: 11734858
P51790,H(+)/Cl(-) exchange transporter 3,ClC-3,CLCN3 (ClC-3),chloride,CIC,voltage-gated (outward rectifier),"PMID: 12471024, PMID: 7605637"
P51793,H(+)/Cl(-) exchange transporter 4,ClC-4,CLCN4,chloride,CIC,voltage-gated (outward rectifier),PMID: 29845874
P51795,H(+)/Cl(-) exchange transporter 5,ClC-5,CLCN5 (CLCK2) (ClC-5),chloride,CIC,voltage-gated (outward rectifier),PMID: 20466723
P51797,H(+)/Cl(-) exchange transporter 6,ClC-6,CLCN6 (KIAA0046),chloride,CIC,voltage-gated,PMID: 29845874
P51798,H(+)/Cl(-) exchange transporter 7,ClC-7,CLCN7,chloride,CIC,voltage-gated,PMID : 18449189
Q86WC4,Osteopetrosis-associated transmembrane protein 1,,OSTM1 (GL),chloride,CIC,auxiliary,PMID: 21527911
Q8WZ55,Barttin,,BSND (BART),chloride,CIC,auxiliary,PMID: 11734858
P13569,Cystic fibrosis transmembrane conductance regulator,,CFTR (ABCC7),chloride,CFTR,"ligand-gated (ATP), phosphorylation","PMID: 15284228, PMID: 23284076"
Q5XXA6,Anoctamin-1,,"ANO1 (DOG1, ORAOV2, TAOS2, TMEM16A)",chloride,CaCC,voltage-gated (calcium),PMID: 21056985
Q9NQ90,Anoctamin-2,,"ANO2 (C12orf3, TMEM16B)",chloride,CaCC,voltage-gated (calcium),PMID: 19474308
Q9BYT9,Anoctamin-3,,"ANO3 (C11orf25, TMEM16C)",not shown,CaCC,no activity,"PMID: 21642943, 38657371"
Q32M45,Anoctamin-4,,ANO4 (TMEM16D),chloride,CaCC,voltage-gated (calcium),"PMID: 30783137, 38657371"
Q75V66,Anoctamin-5,,"ANO5 (GDD1, TMEM16E)",chloride,CaCC,voltage-gated (calcium),"PMID: 36157935, 38657371"
Q4KMQ2,Anoctamin-6,SCAN channel,ANO6 (TMEM16F),chloride,CaCC,voltage-gated (calcium),PMID: 33658434
Q6IWH7,Anoctamin-7,D-TMPP,"ANO7 (NGEP, PCANAP5, TMEM16G)",not shown,CaCC,no activity,"PMID: 22075693, 38657371"
Q9HCE9,Anoctamin-8,,"ANO8 (KIAA1623, TMEM16H)",chloride,CaCC,voltage-gated (calcium),"PMID: 31061173, 38657371"
A1A5B4,Anoctamin-9,,"ANO9 (PIG5, TMEM16J, TP53I5)",chloride,CaCC,voltage-gated (calcium),"PMID: 29604966, 38657371"
Q9NW15,Anoctamin-10,,ANO10 (TMEM16K),chloride,CaCC,voltage-gated (calcium),"PMID: 35648332, 38657371"
A8K7I4,Calcium-activated chloride channel regulator 1,"hCLCA1, CaCC-1, hCaCC-1",CLCA1 (CACC1),chloride,CaCC,voltage-gated (auxiliary),PMID: 23112050
Q9UQC9,Calcium-activated chloride channel regulator 2,"hCLCA2, CaCC-3, hCaCC-3",CLCA2 (CACC3),chloride,CaCC,voltage-gated (auxiliary),PMID: 29758025
Q9Y6N3,Calcium-activated chloride channel regulator family member 3,,CLCA3 (CLCA3P),chloride,CaCC,probable voltage-gated (auxiliary),by similarity
Q14CN2,Calcium-activated chloride channel regulator 4,"CaCC-2, hCaCC-2, hCLCA4",CLCA4 (CaCC2),chloride,CaCC,probable voltage-gated (auxiliary),by similarity
P21796,Voltage-dependent anion-selective channel protein 1,"VDAC-1, hVDAC1",VDAC1 (VDAC),chloride,VDAC,voltage-gated,PMID: 23663973
P45880,Voltage-dependent anion-selective channel protein 2,,VDAC2,chloride,VDAC,voltage-gated,PMID: 21425834
Q9Y277,Voltage-dependent anion-selective channel protein 3,,VDAC3,chloride,VDAC,voltage-gated,PMID: 35082690
Q6P9F7,Volume-regulated anion channel subunit LRRC8B,TA-LRRP,LRRC8B (KIAA0231),chloride,VRAC,volume-gated,doi: https://doi.org/10.1101/2022.07.31.502239
Q7L1W4,Volume-regulated anion channel subunit LRRC8D,HsLRRC8D,LRRC8D (LRRC5),chloride,VRAC,volume-gated,"PubMed:24782309, PubMed:26530471, PubMed:28193731, PubMed:26824658"
Q8IWT6,Volume-regulated anion channel subunit LRRC8A,HsLRRC8A,"LRRC8A (KIAA1437, LRRC8, SWELL1)",chloride,VRAC,volume-gated,"PubMed:24782309, PubMed:24790029, PubMed:26824658, PubMed:30095067"
Q6NSJ5,Volume-regulated anion channel subunit LRRC8E,,LRRC8E,chloride,VRAC,volume-gated,"PubMed:24790029, PubMed:26824658, PubMed:28193731"
Q8TDW0,Volume-regulated anion channel subunit LRRC8C,,"LRRC8C (AD158, FAD158)",chloride/ (immune stuff check stephans paper),VRAC,volume-gated,PubMed:28193731
O00299,Chloride intracellular channel protein 1,"hRNCC, NCC27","CLIC1 (G6, NCC27)",chloride,CLIC,"voltage-gated, pH sensitive","PMID: 10834939,PMID: 11551966"
O15247,Chloride intracellular channel protein 2,,CLIC2,chloride,CLIC,"voltage-gated, pH sensitive",PMID: 19356589
O95833,Chloride intracellular channel protein 3,,CLIC3,chloride,CLIC,voltage-gated,PMID: 20146363
Q9Y696,Chloride intracellular channel protein 4,,CLIC4,chloride,CLIC,"voltage-gated, pH sensitive",PMID: 17453412
Q9NZA1,Chloride intracellular channel protein 5,,CLIC5,chloride,CLIC,voltage-gated,PMID: 18028448
Q96NY7,Chloride intracellular channel protein 6,,CLIC6 (CLIC1L),chloride,CLIC,voltage-gated,DOI:https://doi.org/10.1016/j.bpj.2022.11.785
A6NN92,Putative gap junction epsilon-1 protein,Cx23,GJE1,not shown,Connexins,not shown,PMID: 18849090
Q6PEY0,Gap junction beta-7 protein,Cx25,GJB7 (CX25),water,Connexins,diffusion,PMID: 12064583
P29033,Gap junction beta-2 protein,Cx26,GJB2 (CX26),"non-selective, cation/anion",Connexins,"voltage-gated (CO2), pH sensitive, osmotic permeability","PMID: 19340074, PMID: 35276081, PMID: 17077310, PMID: 22285739, PMID: 12767933, PMID: 20230788"
O95452,Gap junction beta-6 protein,Cx30,GJB6 (CX30),"non-selective, cation/anion",Connexins,voltage-gated,"PMID: 28982982, PMID: 22292956"
Q8NFK1,Gap junction gamma-3 protein,"Cx31.3, Cx30.2",GJC3 (GJE1),not shown,Connexins,not shown,PMID: 21480002
Q9NTQ9,Gap junction beta-4 protein,Cx30.3,GJB4,"non-selective, cation/anion",Connexins,voltage-gated,PMID: 21188847
O75712,Gap junction beta-3 protein,Cx31,GJB3 (CX31),"non-selective, cation/anion",Connexins,"voltage-gated, pH sensitive",PMID: 16549784
O95377,Gap junction beta-5 protein,Cx31.1,GJB5  (Cx31.1),"non-selective, cation/anion",Connexins,voltage-gated,PMID: 20066080
Q8N144,Gap junction delta-3 protein,Cx31.9,"GJD3 (GJA11, GJC1)","non-selective, cation/anion",Connexins,"voltage-gated, pH sensitive",PMID: 12176752
P08034,Gap junction beta-1 protein,Cx32,GJB1 (CX32),"non-selective, cation/anion",Connexins,voltage-gated (CO2),"PMID: 10585920, PMID: 10362599"
Q9UKL4,Gap junction delta-2 protein,Cx36,GJD2 (GJA9),"non-selective, cation",Connexins,"voltage-gated (divalent ions), pH sensitive",PMID: 36906653
P35212,Gap junction alpha-4 protein,Cx37,GJA4 (CX37),non-selective cation/anion,Connexins,"voltage-gated, pH sensitive","PMID: 7521227, PMID: 33818243"
P36382,Gap junction alpha-5 protein,Cx40,GJA5 (CX40),non-selective cation/anion,Connexins,"voltage-gated, pH sensitive","PMID: 20066080, PMID: 33818243"
Q96KN9,Gap junction delta-4 protein,Cx40.1,GJD4 (CX40.1),non-selective cation/anion,Connexins,voltage-gated,PMID: 20066080
P17302,Gap junction alpha-1 protein,Cx43,GJA1 (GJAL) (CX43),non-selective cation/anion,Connexins,voltage-gated,PMID: 20066080
P36383,Gap junction gamma-1 protein,Cx45,GJC1 (GJA7)(CX45),non-selective cation/anion,Connexins,voltage-gated,PMID: 20066080
Q9Y6H8,Gap junction alpha-3 protein,Cx46,GJA3 (CX46),non-selective cation/anion,Connexins,voltage-gated,PMID: 30044662
Q5T442,Gap junction gamma-2 protein,"Cx46.6, Cx47",GJC2 (GJA12) (Cx47) (Cx46.6),non-selective cation/anion,Connexins,"voltage-gated, ligand-gated",PMID: 11160382
P48165,Gap junction alpha-8 protein,Cx50,GJA8 (CX50),non-selective cation/anion,Connexins,voltage-gated,PMID: 15596513
P57773,Gap junction alpha-9 protein,"Cx59, Cx58",GJA9 (CX36)(GJA10) (Cx58) (Cx59),non-selective cation/anion,Connexins,"voltage-gated, pH sensitive",PMID: 29706896
Q969M2,Gap junction alpha-10 protein,Cx62,GJA10 (CX62),non-selective cation/anion,Connexins,"voltage-gated, pH sensitive",PMID: 27642298
Q96RD7,Pannexin-1,,PANX1 (MRS1),non-selective cation/anion,Pannexins,"voltage-gated, ligand-gated, mechanosensitive","PMID: 32284561, PMID: 28735901"
Q96RD6,Pannexin-2,,PANX2,non-selective cation/anion,Pannexins,voltage-gated,doi: https://doi.org/10.1101/2022.09.09.507385
Q96QZ0,Pannexin-3,,PANX3,non-selective cation/anion,Pannexins,voltage-gated,doi: https://doi.org/10.1101/2022.09.09.507385
Q96D31,Calcium release-activated calcium channel protein 1,,"ORAI1 (CRACM1, TMEM142A)",Calcium,Orai,ligand-gated (glutamate),PMID: 23180775
Q96SN7,Protein orai-2,,"ORAI2 (C7orf19, CBCIP2, TMEM142B)",Calcium,Orai,ligand-gated (glutamate),PMID: 16807233
Q9BRQ5,Protein orai-3,,ORAI3 (TMEM142C),Calcium,Orai,ligand-gated (glutamate),PMID: 20354224
Q92508,Piezo-type mechanosensitive ion channel component 1,Mib,"PIEZO1 (FAM38A, KIAA0233)","cation, nonselective",Piezo,mechanosensitive,PMID: 31494839
Q9H5I5,Piezo-type mechanosensitive ion channel component 2,,"PIEZO2 (C18orf30, C18orf58, FAM38B)","cation, nonselective",Piezo,mechanosensitive,PMID: 35292651
A5X5Y0,5-hydroxytryptamine receptor 3E,,HTR3E,"cation, nonselective",5-HT3 receptor,ligand-gated (serotonin),PMID: 17392525
O95264,5-hydroxytryptamine receptor 3B,,HTR3B,"cation, nonselective",5-HT3 receptor,ligand-gated (serotonin),PMID: 17392525
P46098,5-hydroxytryptamine receptor 3A,"5-HT-3, 5-HT3R","HTR3A (5HT3R, HTR3)","cation, nonselective",5-HT3 receptor,ligand-gated (serotonin),PMID: 17392525
Q70Z44,5-hydroxytryptamine receptor 3D,,HTR3D,"cation, nonselective",5-HT3 receptor,ligand-gated (serotonin),PMID: 12801637
Q8WXA8,5-hydroxytryptamine receptor 3C,,HTR3C,"cation, nonselective",5-HT3 receptor,ligand-gated (serotonin),PMID: 12801637
Q401N2,Zinc-activated ligand-gated ion channel,,"ZACN (L2, LGICZ, LGICZ1, ZAC)","sodium, potassium, cesium",ZAC,"ligand-gated (zinc, copper, protons)",PMID: 12381728
P02708,Acetylcholine receptor subunit alpha,,"CHRNA1 (ACHRA, CHNRA)",sodium,nACh receptor,ligand-gated (acetylocholine),"PMID: 33324158, PMID: 24050525"
P07510,Acetylcholine receptor subunit gamma,,CHRNG (ACHRG),sodium,nACh receptor,ligand-gated (acetylocholine),"PMID: 33324158, PMID: 24050525"
P11230,Acetylcholine receptor subunit beta,,"CHRNB1 (ACHRB, CHRNB)",sodium,nACh receptor,ligand-gated (acetylocholine),"PMID: 33324158, PMID: 24050525"
P17787,Neuronal acetylcholine receptor subunit beta-2,,CHRNB2,"sodium, potassium, calcium",nACh receptor,ligand-gated (acetylocholine),"PMID: 22361591, PMID: 26472524"
P30532,Neuronal acetylcholine receptor subunit alpha-5,,CHRNA5 (NACHRA5),"sodium, potassium, calcium",nACh receptor,ligand-gated (acetylocholine),"PMID: 25313161, PMID: 26472524"
P30926,Neuronal acetylcholine receptor subunit beta-4,,CHRNB4,"sodium, potassium, calcium",nACh receptor,ligand-gated (acetylocholine),"PMID: 16120769, PMID: 26472524"
P32297,Neuronal acetylcholine receptor subunit alpha-3,,CHRNA3 (NACHRA3),"sodium, potassium, calcium",nACh receptor,ligand-gated (acetylocholine),"PMID: 16120769, PMID: 26472524"
P36544,Neuronal acetylcholine receptor subunit alpha-7,,CHRNA7 (NACHRA7),"sodium, potassium, calcium",nACh receptor,ligand-gated (acetylocholine),"PMID: 33324158, PMID: 26472524"
P43681,Neuronal acetylcholine receptor subunit alpha-4,,CHRNA4 (NACRA4),"sodium, potassium, calcium",nACh receptor,ligand-gated (acetylocholine),"PMID: 22361591, PMID: 26472524"
Q04844,Acetylcholine receptor subunit epsilon,,CHRNE (ACHRE),nonselective,nACh receptor,ligand-gated (acetylocholine),"PMID: 33324158, PMID: 9272574"
Q05901,Neuronal acetylcholine receptor subunit beta-3,,CHRNB3,nonselective,nACh receptor,ligand-gated (acetylocholine),"PMID: 35889515, PMID: 9272574"
Q07001,Acetylcholine receptor subunit delta,,CHRND (ACHRD),nonselective,nACh receptor,ligand-gated (acetylocholine),"PMID: 33324158, PMID: 9272574"
Q15822,Neuronal acetylcholine receptor subunit alpha-2,,CHRNA2,nonselective,nACh receptor,ligand-gated (acetylocholine),"PMID: 27493220, PMID: 26472524"
Q15825,Neuronal acetylcholine receptor subunit alpha-6,,CHRNA6,nonselective,nACh receptor,ligand-gated (acetylocholine),"PMID: 27344019, PMID: 26472524"
Q9GZZ6,Neuronal acetylcholine receptor subunit alpha-10,NACHR alpha-10,CHRNA10 (NACHRA10),calcium,nACh receptor,ligand-gated (acetylocholine),PMID: 11752216
Q9UGM1,Neuronal acetylcholine receptor subunit alpha-9,NACHR alpha-9,CHRNA9 (NACHRA9),calcium,nACh receptor,ligand-gated (acetylocholine),PMID: 11752216
A8MPY1,Gamma-aminobutyric acid receptor subunit rho-3,GABAAR subunit rho-3,GABRR3,chloride,GABA_A receptor,ligand-gated (GABA),PMID: 10542332
O00591,Gamma-aminobutyric acid receptor subunit pi,GABAAR subunit pi,GABRP,chloride,GABA_A receptor,ligand-gated (GABA),PMID: 16187283
O14764,Gamma-aminobutyric acid receptor subunit delta,GABAAR subunit delta,GABRD,chloride,GABA_A receptor,ligand-gated (GABA),PMID: 34633442
P14867,Gamma-aminobutyric acid receptor subunit alpha-1,GABAAR subunit alpha-1,GABRA1,chloride,GABA_A receptor,ligand-gated (GABA),PMID: 2465923
P18505,Gamma-aminobutyric acid receptor subunit beta-1,GABAAR subunit beta-1,GABRB1,chloride,GABA_A receptor,ligand-gated (GABA),PMID: 1655634
P18507,Gamma-aminobutyric acid receptor subunit gamma-2,GABAAR subunit gamma-2,GABRG2,chloride,GABA_A receptor,ligand-gated (GABA),PMID: 23909897
P24046,Gamma-aminobutyric acid receptor subunit rho-1,GABAAR subunit rho-1,GABRR1,chloride,GABA_A receptor,ligand-gated (GABA),PMID: 1849271
P28472,Gamma-aminobutyric acid receptor subunit beta-3,GABAAR subunit beta-3,GABRB3,chloride,GABA_A receptor,ligand-gated (GABA),PMID: 18281286
P28476,Gamma-aminobutyric acid receptor subunit rho-2,GABAAR subunit rho-2,GABRR2,chloride,GABA_A receptor,ligand-gated (GABA),PMID: 1315307
P31644,Gamma-aminobutyric acid receptor subunit alpha-5,GABAAR subunit alpha-5,GABRA5,chloride,GABA_A receptor,ligand-gated (GABA),PMID: 25313161
P34903,Gamma-aminobutyric acid receptor subunit alpha-3,GABAAR subunit alpha-3,GABRA3,chloride,GABA_A receptor,ligand-gated (GABA),PMID: 25313161
P47869,Gamma-aminobutyric acid receptor subunit alpha-2,GABAAR subunit alpha-2,GABRA2,chloride,GABA_A receptor,ligand-gated (GABA),PMID: 25313161
P47870,Gamma-aminobutyric acid receptor subunit beta-2,GABAAR subunit beta-2,GABRB2,chloride,GABA_A receptor,ligand-gated (GABA),PMID: 25313161
P48169,Gamma-aminobutyric acid receptor subunit alpha-4,GABAAR subunit alpha-4,GABRA4,chloride,GABA_A receptor,ligand-gated (GABA),PMID: 25313161
P78334,Gamma-aminobutyric acid receptor subunit epsilon,GABAAR subunit epsilon,GABRE,chloride,GABA_A receptor,ligand-gated (GABA),PMID: 9339354
Q16445,Gamma-aminobutyric acid receptor subunit alpha-6,GABAAR subunit alpha-6,GABRA6,chloride,GABA_A receptor,ligand-gated (GABA),PMID: 25313161
Q8N1C3,Gamma-aminobutyric acid receptor subunit gamma-1,GABAAR subunit gamma-1,GABRG1,chloride,GABA_A receptor,ligand-gated (GABA),PMID: 24425869
Q99928,Gamma-aminobutyric acid receptor subunit gamma-3,GABAAR subunit gamma-3,GABRG3,chloride,GABA_A receptor,ligand-gated (GABA),PMID: 8719414
Q9UN88,Gamma-aminobutyric acid receptor subunit theta,GABAAR subunit theta,GABRQ,chloride,GABA_A receptor,ligand-gated (GABA),PMID: 10449790
O75311,Glycine receptor subunit alpha-3,,GLRA3,chloride,Glycine receptor,ligand-gated,PMID: 26416729
P23415,Glycine receptor subunit alpha-1,,GLRA1,chloride,Glycine receptor,"ligand-gated (glycine, taurine, beta-alanine)",PMID: 22715885
P23416,Glycine receptor subunit alpha-2,,GLRA2,chloride,Glycine receptor,"ligand-gated (glycine, taurine, beta-alanine)",PMID: 16144831
P48167,Glycine receptor subunit beta,,GLRB,chloride,Glycine receptor,auxiliary,PMID: 8717357
P78348,Acid-sensing ion channel 1,BNaC2,"ASIC1 (ACCN2, BNAC2)",sodium,ASICs,"ligand-gated (acid), proton-gated",PMID: 29513651
Q16515,Acid-sensing ion channel 2,"BNC1, BNaC1, MDEG","ASIC2 (ACCN, ACCN1, BNAC1, MDEG)","sodium,potassium, lithuim",ASICs,ligand-gated (acid),PMID: 29513651
Q96FT7,Acid-sensing ion channel 4,,ASIC4 (ACCN4),sodium,ASICs,ligand-gated (acid),PMID: 29513651
Q9UHC3,Acid-sensing ion channel 3,hTNaC1,"ASIC3 (ACCN3, SLNAC1, TNAC1)",sodium,ASICs,ligand-gated (acid),PMID: 29513651
Q9NY37,Acid-sensing ion channel 5,HINaC,"ASIC5 (ACCN5, HINAC)",sodium,ASICs,ligand-gated (acid),PMID: 29513651
P37088,Amiloride-sensitive sodium channel subunit alpha,"ENaCA, Alpha-ENaC",SCNN1A (SCNN1),sodium,ENaC,ligand-gated,"PMID: 25313161, PMID: 12087134"
P51168,Amiloride-sensitive sodium channel subunit beta,"Beta-ENaC, ENaCB",SCNN1B,sodium,ENaC,ligand-gated,PMID: 16423824
P51170,Amiloride-sensitive sodium channel subunit gamma,"ENaCG, Gamma-ENaC",SCNN1G,sodium,ENaC,ligand-gated,PMID: 16423824
P51172,Amiloride-sensitive sodium channel subunit delta,"Delta-ENaC, ENaCD",SCNN1D (DNACH),sodium,ENaC,ligand-gated,PMID: 16423824
Q14571,"Inositol 1,4,5-trisphosphate receptor type 2","Type 2 InsP3 receptor, IP3R 2, InsP3R2",ITPR2,calcium,IP3 receptor,ligand-gated (IP3),PMID: 12621039
Q14573,"Inositol 1,4,5-trisphosphate receptor type 3","Type 3 InsP3 receptor, IP3R-3, InsP3R3",ITPR3,calcium,IP3 receptor,ligand-gated (IP3),PMID: 8288584
Q14643,"Inositol 1,4,5-trisphosphate receptor type 1","IP3R 1, InsP3R1, Type 1 InsP3 receptor",ITPR1 (INSP3R1),calcium,IP3 receptor,ligand-gated,PMID: 14685260
O15399,"Glutamate receptor ionotropic, NMDA 2D","NR2D, NMDAR2D","GRIN2D (GluN2D, NMDAR2D)",calcium,Ionotropic glutamate receptor,ligand-gated,PMID: 9489750
O43424,"Glutamate receptor ionotropic, delta-2",,GRID2 (GLURD2),calcium,Ionotropic glutamate receptor,auxiliary,PMID: 27418511
O60391,"Glutamate receptor ionotropic, NMDA 3B","NMDAR3B, NR3B",GRIN3B,calcium,Ionotropic glutamate receptor,"ligand-gated (glutamate), voltage-dependent blockade",PMID: 32786006
P39086,"Glutamate receptor ionotropic, kainate 1","EAA3, GluR5, GluR-5",GRIK1 (GLUR5),calcium,Ionotropic glutamate receptor,ligand-gated (glutamate),"PMID: 8260617, PMID: 29607422"
P42261,Glutamate receptor 1,,"GRIA1 (GLUH1, GLUR1)",calcium,Ionotropic glutamate receptor,ligand-gated (glutamate),"PMID: 20716669, PMID: 29607422"
P42262,Glutamate receptor 2,,GRIA2 (GLUR2),"sodium, potassium",Ionotropic glutamate receptor,ligand-gated (glutamate),"PMID: 8003671, PMID: 10049997"
P42263,Glutamate receptor 3,,"GRIA3 (GLUR3, GLURC)",calcium,Ionotropic glutamate receptor,ligand-gated (glutamate),"PMID: 7918660, PMID: 29607422"
P48058,Glutamate receptor 4,,GRIA4 (GLUR4),calcium,Ionotropic glutamate receptor,ligand-gated (glutamate),"PMID: 8589990, PMID: 29607422"
Q05586,"Glutamate receptor ionotropic, NMDA 1",NMD-R1,GRIN1 (NMDAR1),calcium,Ionotropic glutamate receptor,"ligand-gated (glutamate), voltage-dependent blockade",PMID: 7685113
Q13002,"Glutamate receptor ionotropic, kainate 2","GluR6, GluR-6, EAA4",GRIK2 (GLUR6),"calcium, sodium",Ionotropic glutamate receptor,ligand-gated,PMID: 7536611
Q13003,"Glutamate receptor ionotropic, kainate 3","EAA5, GluR-7, GluR7",GRIK3 (GLUR7),"sodium, potassium",Ionotropic glutamate receptor,ligand-gated,"PMID: 22106181, PMID: 16361114"
Q13224,"Glutamate receptor ionotropic, NMDA 2B","NR2B, NMDAR2B, NR3, hNR3",GRIN2B (NMDAR2B),calcium,Ionotropic glutamate receptor,"ligand-gated (glutamate), voltage-dependent blockade",PMID: 7685113
Q14957,"Glutamate receptor ionotropic, NMDA 2C","NMDAR2C, NR2C",GRIN2C (NMDAR2C),"sodium, calcium",Ionotropic glutamate receptor,"ligand-gated (glutamate), voltage-dependent blockade","PMID: 26875626, Lau, A. Y., & Salazar, H. (2019). Ionotropic Glutamate Receptor NMDA Type Subunit 2C (GRIN2C). In Handbook of Experimental Pharmacology (pp. 185-201). Springer, Cham."
Q16099,"Glutamate receptor ionotropic, kainate 4","EAA1, KA1",GRIK4 (GRIK),calcium,Ionotropic glutamate receptor,ligand-gated (glutamate),PMID: 8263508
Q16478,"Glutamate receptor ionotropic, kainate 5","EAA2, KA2",GRIK5 (GRIK2),calcium,Ionotropic glutamate receptor,ligand-gated (glutamate),PMID: 1321949
Q8TCU5,"Glutamate receptor ionotropic, NMDA 3A","NR3A, NMDAR3A",GRIN3A (KIAA1973),"calcium, magnesium, sodium",Ionotropic glutamate receptor,ligand-gated (glutamate),"PMID: 11735224, PMID: 1350383"
Q9ULK0,"Glutamate receptor ionotropic, delta-1",,GRID1 (KIAA1220),"non-selective, cation",Ionotropic glutamate receptor,ligand-gated (glutamate),"PMID: 34181979, PMID: 20055706"
O15547,P2X purinoceptor 6,,"P2RX6 (P2RXL1, P2X6)","non-selective, cation",P2X receptor,ligand-gated (ATP),"PMID: 15657042, PMID: 10440098"
P51575,P2X purinoceptor 1,,P2RX1 (P2X1),"non-selective, cation",P2X receptor,ligand-gated (ATP),PMID: 22971236
P56373,P2X purinoceptor 3,,P2RX3,"non-selective, cation",P2X receptor,ligand-gated (ATP),PMID: 27626375
Q93086,P2X purinoceptor 5,,P2RX5 (P2X5),"non-selective, cation",P2X receptor,ligand-gated (ATP),"PMID: 15313628, PMID: 22537142"
Q99571,P2X purinoceptor 4,,P2RX4,"non-selective, cation",P2X receptor,ligand-gated (ATP),"PMID: 15313628, , PMID: 22537142"
Q99572,P2X purinoceptor 7,,P2RX7,"non-selective, cation",P2X receptor,ligand-gated (ATP),"PMID: 11707406, PMID: 29026074"
Q9UBL9,P2X purinoceptor 2,,P2RX2 (P2X2),"non-selective, cation",P2X receptor,ligand-gated (ATP),"PMID: 15313628, PMID: 16885977"
P29973,cGMP-gated cation channel alpha-1,,"CNGA1 (CNCG, CNCG1)","non-selective, cation",CNG,voltage-gated (GMP),PMID: 1379636
Q14028,Cyclic nucleotide-gated cation channel beta-1,"GARP, CNG channel 4, CNG-4, CNG4","CNGB1 (CNCG2, CNCG3L, CNCG4, RCNC2)","non-selective, cation",CNG,"voltage-gated (cyclic nucleotide, auxiliary)","PMID: 12467592, PMID: 12467592"
Q16280,Cyclic nucleotide-gated olfactory channel,OCNC1,"CNGA2 (CNCA, CNCA1, CNCG2)","non-selective, cation",CNG,voltage-gated (cyclic nucleotide),PMID: 7522482
Q16281,Cyclic nucleotide-gated cation channel alpha-3,,CNGA3 (CNCG3),"non-selective, cation",CNG,voltage-gated (cyclic nucleotide),PMID: 21878911
Q8IV77,Cyclic nucleotide-gated cation channel alpha-4,OCNC2,CNGA4,"non-selective, cation",CNG,voltage-gated (cyclic nucleotide),"PMID: 17032767, PMID: 7542935"
Q9NQW8,Cyclic nucleotide-gated cation channel beta-3 ·,,CNGB3,"non-selective, cation",CNG,"voltage-gated (cyclic nucleotide, auxiliary)","PMID: 21878911, PMID: 12467592"
O00555,Voltage-dependent P/Q-type calcium channel subunit alpha-1A,BI,"CACNA1A (CACH4, CACN3, CACNL1A4)",calcium,Ca_V,voltage-gated,PMID: 31071485
O43497,Voltage-dependent T-type calcium channel subunit alpha-1G,,CACNA1G (KIAA1123),calcium,Ca_V,voltage-gated,PMID: 31071485
O95180,Voltage-dependent T-type calcium channel subunit alpha-1H,,CACNA1H,calcium,Ca_V,voltage-gated,PMID: 31071485
Q00975,Voltage-dependent N-type calcium channel subunit alpha-1B,BIII,"CACNA1B (CACH5, CACNL1A5)",calcium,Ca_V,voltage-gated,PMID: 31071485
Q01668,Voltage-dependent L-type calcium channel subunit alpha-1D,,"CACNA1D (CACH3, CACN4, CACNL1A2, CCHL1A2)",calcium,Ca_V,voltage-gated,PMID: 31071485
Q13698,Voltage-dependent L-type calcium channel subunit alpha-1S,,"CACNA1S (CACH1, CACN1, CACNL1A3)",calcium,Ca_V,voltage-gated,PMID: 31071485
Q13936,Voltage-dependent L-type calcium channel subunit alpha-1C,,"CACNA1C (CACH2, CACN2, CACNL1A1, CCHL1A1)",calcium,Ca_V,voltage-gated,PMID: 31071485
Q15878,Voltage-dependent R-type calcium channel subunit alpha-1E,BII,"CACNA1E (CACH6, CACNL1A6)",calcium,Ca_V,voltage-gated,PMID: 31071485
O60840,Voltage-dependent L-type calcium channel subunit alpha-1F,,CACNA1F (CACNAF1),calcium,Ca_V,voltage-gated,PMID: 31071485
Q9P0X4,Voltage-dependent T-type calcium channel subunit alpha-1I,Ca(v)3.3,CACNA1I (KIAA1120),calcium,Ca_V,voltage-gated,PMID: 31071485
P54289,Voltage-dependent calcium channel subunit alpha-2/delta-1,,"CACNA2D1 (CACNL2A, CCHL2A, MHS3)",calcium,,voltage-gated (auxiliary),PMID: 31071485
Q9NY47,Voltage-dependent calcium channel subunit alpha-2/delta-2,,CACNA2D2 (KIAA0558),calcium,,voltage-gated (auxiliary),PMID: 31071485
Q8IZS8,Voltage-dependent calcium channel subunit alpha-2/delta-3,,CACNA2D3,calcium,,voltage-gated (auxiliary),PMID: 31071485
Q7Z3S7,Voltage-dependent calcium channel subunit alpha-2/delta-4,,CACNA2D4,calcium,,voltage-gated (auxiliary),PMID: 31071485
Q06432,Voltage-dependent calcium channel gamma-1 subunit,,CACNG1 (CACNLG),calcium,,voltage-gated (auxiliary),PMID: 31071485
O60359,Voltage-dependent calcium channel gamma-3 subunit,TARP gamma-3,CACNG3,calcium,,voltage-gated (auxiliary),PMID: 31071485
Q9UBN1,Voltage-dependent calcium channel gamma-4 subunit,TARP gamma-4,CACNG4,calcium,,voltage-gated (auxiliary),PMID: 31071485
Q9UF02,Voltage-dependent calcium channel gamma-5 subunit,TARP gamma-5,CACNG5,calcium,,voltage-gated (auxiliary),PMID: 31071485
Q9BXT2,Voltage-dependent calcium channel gamma-6 subunit,,CACNG6,calcium,,voltage-gated (auxiliary),PMID: 31071485
P62955,Voltage-dependent calcium channel gamma-7 subunit,TARP gamma-7,CACNG7,calcium,,voltage-gated (auxiliary),PMID: 31071485
Q8WXS5,Voltage-dependent calcium channel gamma-8 subunit,TARP gamma-8,CACNG8 (CACNG6),calcium,,voltage-gated (auxiliary),PMID: 31071485
Q9Y698,Voltage-dependent calcium channel gamma-2 subunit,TARP gamma-2,CACNG2,calcium,,voltage-gated (auxiliary),PMID: 31071485
Q7RTX7,Cation channel sperm-associated protein 4,,CATSPER4,calcium,CatSper,voltage-gated,PMID: 21412339
Q86XQ3,Cation channel sperm-associated protein 3,,CATSPER3,calcium,CatSper,voltage-gated,PMID: 21412339
Q8NEC5,Cation channel sperm-associated protein 1,,CATSPER1,calcium,CatSper,voltage-gated,PMID: 21412339
Q96P56,Cation channel sperm-associated protein 2,,CATSPER2,calcium,CatSper,voltage-gated,PMID: 21412339
O60741,Potassium/sodium hyperpolarization-activated cyclic nucleotide-gated channel 1,BCNG-1,HCN1 (BCNG1),potassium/sodium,HCN,voltage-gated,PMID: 28086084
Q9P1Z3,Potassium/sodium hyperpolarization-activated cyclic nucleotide-gated channel 3,,HCN3 (KIAA1535),potassium,HCN,voltage-gated,PMID: 16043489
Q9UL51,Potassium/sodium hyperpolarization-activated cyclic nucleotide-gated channel 2,BCNG-2,HCN2 (BCNG2),potassium/sodium,HCN,voltage-gated,PMID: 22006928
Q9Y3Q4,Potassium/sodium hyperpolarization-activated cyclic nucleotide-gated channel 4,,HCN4,potassium/sodium,HCN,voltage-gated,PMID: 10228147
Q96D96,Voltage-gated hydrogen channel 1,HV1,HVCN1 (VSOP),protons,HV1,voltage-gated,PMID: 20147290
O00180,Potassium channel subfamily K member 1,,"KCNK1 (HOHO1, KCNO1, TWIK1)",potassium,K_2P,leak (inward rectifier),PMID: 16382106
O14649,Potassium channel subfamily K member 3,Two pore K(+) channel KT3.1,"KCNK3 (TASK, TASK1)",potassium,K_2P,leak (inward rectifier),PMID: 16382106
O95069,Potassium channel subfamily K member 2,,"KCNK2 (TREK, TREK1)",potassium,K_2P,"leak, voltage-gated",PMID: 16382106
O95279,Potassium channel subfamily K member 5,,KCNK5 (TASK2),potassium,K_2P,leak (outward rectifier),PMID: 16382106
P57789,Potassium channel subfamily K member 10,,KCNK10 (TREK2),potassium,K_2P,leak (outward rectifier),PMID: 16382106
Q7Z418,Potassium channel subfamily K member 18,,"KCNK18 (TRESK, TRIK)",potassium,K_2P,leak (outward rectifier),PMID: 16382106
Q96T54,Potassium channel subfamily K member 17,TALK-2,"KCNK17 (TALK2, TASK4)",potassium,K_2P,leak (outward rectifier),PMID: 16382106
Q96T55,Potassium channel subfamily K member 16,TALK-1,KCNK16 (TALK1),potassium,K_2P,leak (outward rectifier),PMID: 16382106
Q9H427,Potassium channel subfamily K member 15,Two pore K(+) channel KT3.3,KCNK15 (TASK5),not shown,K_2P,leak,PMID: 16382106
Q9HB14,Potassium channel subfamily K member 13,THIK-1,KCNK13,potassium,K_2P,leak (open),PMID: 16382106
Q9HB15,Potassium channel subfamily K member 12,THIK-2,KCNK12,not shown,K_2P,leak,PMID: 16382106
Q9NPC2,Potassium channel subfamily K member 9,Two pore K(+) channel KT3.2,KCNK9 (TASK3),potassium,K_2P,leak (open),PMID: 16382106
Q9NYG8,Potassium channel subfamily K member 4,"TRAAK, Two pore K(+) channel KT4.1",KCNK4 (TRAAK),potassium,K_2P,"leak (open), mechanosensitive",PMID: 16382106
Q9Y257,Potassium channel subfamily K member 6,,"KCNK6 (TOSS, TWIK2)",potassium,K_2P,leak (inward/outward rectifier),PMID: 16382106
Q9Y2U2,Potassium channel subfamily K member 7,,KCNK7,not shown,K_2P,leak,PMID: 16382106
A8MYU2,Potassium channel subfamily U member 1,,"KCNU1 (KCNMA3, KCNMC1, SLO3)",potassium,K_Ca|K_Na,"voltage-gated, pH sensitive",PMID: 23129643
O15554,Intermediate conductance calcium-activated potassium channel protein 4,IK1,"KCNN4 (IK1, IKCA1, KCA4, SK4)",potassium,K_Ca|K_Na,"voltage-gated (calcium, inward rectifier)",PMID: 9407042
Q12791,Calcium-activated potassium channel subunit alpha-1,"hSlo, Slo homolog, MaxiK","KCNMA1 (KCNMA, SLO)",potassium,K_Ca|K_Na,voltage-gated (calcium),PMID: 29330545
Q16558,Calcium-activated potassium channel subunit beta-1,"Calcium-activated potassium channel subunit beta, BKbeta, BKbeta1, Hbeta1, Slo-beta",KCNMB1,potassium,K channel auxiliary,"voltage-gated (calcium, auxiliary)",PMID: 12136044
Q9Y691,Calcium-activated potassium channel subunit beta-2,"BKbeta2, Hbeta2",KCNMB2,potassium,K channel auxiliary,"voltage-gated (calcium, auxiliary)",PMID: 12136044
Q9NPA1,Calcium-activated potassium channel subunit beta-3,"BKbeta3, Hbeta3","KCNMB3 (KCNMB2, KCNMBL)",potassium,K channel auxiliary,"voltage-gated (calcium, auxiliary)",PMID: 12136044
Q86W47,Calcium-activated potassium channel subunit beta-4,"BKbeta4, Hbeta4",KCNMB4,potassium,K channel auxiliary,"voltage-gated (calcium, auxiliary)",PMID: 10792058
Q8IU99,Calcium homeostasis modulator protein 1,,CALHM1 (FAM26C),"calcium, sodium, potassium",,voltage-gated,PMID: 22711817
Q9HA72,Calcium homeostasis modulator protein 2,,CALHM2 (FAM26B),calcium,,voltage-gated,PMID: 31988524
Q86XJ0,Calcium homeostasis modulator protein 3,,CALHM3 (FAM26A),calcium,,voltage-gated,PMID: 30804437
Q5JW98,Calcium homeostasis modulator protein 4,,"CALHM4 (C6orf78, FAM26D)",calcium,,voltage-gated,PMID: 32374262
Q8N5C1,Calcium homeostasis modulator protein 5,,"CALHM5 (C6orf188, FAM26E)",calcium,,voltage-gated,PMID: 33298887
Q5R3K3,Calcium homeostasis modulator protein 6,,"CALHM6 (C6orf187, FAM26F)",calcium,,voltage-gated,PMID: 32374262
Q5JUK3,Potassium channel subfamily T member 1,,KCNT1 (KIAA1422),potassium,K_Ca|K_Na,voltage-gated (outward rectifier),PMID: 26912814
Q6UVM3,Potassium channel subfamily T member 2,,KCNT2 (SLICK),potassium,K_Ca|K_Na,voltage-gated (outward rectifier),PMID: 14684870
Q92952,Small conductance calcium-activated potassium channel protein 1,,KCNN1 (SK),potassium,K_Ca|K_Na,ligand-gated (calcium),PMID: 27046646
Q9H2S1,Small conductance calcium-activated potassium channel protein 2,,KCNN2,potassium,K_Ca|K_Na,ligand-gated (calcium),PMID: 27046646
Q9UGI6,Small conductance calcium-activated potassium channel protein 3,,KCNN3 (K3),potassium,K_Ca|K_Na,ligand-gated (calcium),PMID: 27046646
O60928,Inward rectifier potassium channel 13,,KCNJ13,potassium,K_IR,voltage-gated (inward rectifier),PMID: 14618155
B7U540,Inward rectifier potassium channel 18,,KCNJ18,potassium,K_IR,voltage-gated (inward rectifier),PMID: 14618155
P48048,ATP-sensitive inward rectifier potassium channel 1,,KCNJ1 (ROMK1),potassium,K_IR,voltage-gated (inward rectifier),PMID: 14618155
P48050,Inward rectifier potassium channel 4,"HIR, IRK-3",KCNJ4 (IRK3),potassium,K_IR,voltage-gated (inward rectifier),PMID: 14618155
P48051,G protein-activated inward rectifier potassium channel 2,,"KCNJ6 (GIRK2, KATP2, KCNJ7)",potassium,K_IR,voltage-gated (inward rectifier),PMID: 14618155
P48544,G protein-activated inward rectifier potassium channel 4,"IRK-4, CIR",KCNJ5 (GIRK4),potassium,K_IR,voltage-gated (inward rectifier),PMID: 14618155
P48549,G protein-activated inward rectifier potassium channel 1,,KCNJ3 (GIRK1),potassium,K_IR,voltage-gated (inward rectifier),PMID: 14618155
P63252,Inward rectifier potassium channel 2,"IRK-1, hIRK1",KCNJ2 (IRK1),potassium,K_IR,voltage-gated (inward rectifier),PMID: 14618155
P78508,ATP-sensitive inward rectifier potassium channel 10,,KCNJ10,potassium,K_IR,voltage-gated (inward rectifier),PMID: 14618155
Q14500,ATP-sensitive inward rectifier potassium channel 12,IRK-2,"KCNJ12 (IRK2, KCNJN1)",potassium,K_IR,voltage-gated (inward rectifier),PMID: 14618155
Q14654,ATP-sensitive inward rectifier potassium channel 11,,KCNJ11,potassium,K_IR,voltage-gated (inward rectifier),PMID: 14618155
Q15842,ATP-sensitive inward rectifier potassium channel 8,,KCNJ8,potassium,K_IR,voltage-gated (inward rectifier),PMID: 14618155
Q92806,G protein-activated inward rectifier potassium channel 3,,KCNJ9 (GIRK3),potassium,K_IR,voltage-gated (inward rectifier),PMID: 14618155
Q99712,ATP-sensitive inward rectifier potassium channel 15,,KCNJ15 (KCNJ14),potassium,K_IR,voltage-gated (inward rectifier),PMID: 14618155
Q9NPI9,Inward rectifier potassium channel 16,,KCNJ16,potassium,K_IR,voltage-gated (inward rectifier),PMID: 14618155
Q9UNX9,ATP-sensitive inward rectifier potassium channel 14,IRK-4,KCNJ14 (IRK4),potassium,K_IR,voltage-gated (inward rectifier),PMID: 14618155
O43525,Potassium voltage-gated channel subfamily KQT member 3,,KCNQ3,potassium,K_V,voltage-gated,PMID: 10479678
O43526,Potassium voltage-gated channel subfamily KQT member 2,,KCNQ2,potassium,K_V,voltage-gated,PMID: 10479678
O95259,Potassium voltage-gated channel subfamily H member 1,"EAG channel 1, h-eag, hEAG1","KCNH1 (EAG, EAG1)",potassium,K_V,voltage-gated,PMID: 31071485
P16389,Potassium voltage-gated channel subfamily A member 2,,KCNA2,potassium,K_V,voltage-gated,PMID: 11086297
P17658,Potassium voltage-gated channel subfamily A member 6,,KCNA6,potassium,K_V,voltage-gated,PMID: 2347305
P22001,Potassium voltage-gated channel subfamily A member 3,,KCNA3 (HGK5),potassium,K_V,voltage-gated,PMID: 35788586
P22459,Potassium voltage-gated channel subfamily A member 4,,KCNA4 (KCNA4L),potassium,K_V,voltage-gated,PMID: 17156368
P22460,Potassium voltage-gated channel subfamily A member 5,,KCNA5,potassium,K_V,voltage-gated,PMID: 12130714
P48547,Potassium voltage-gated channel subfamily C member 1,,KCNC1,potassium,K_V,voltage-gated,PMID: 35840580
P51787,Potassium voltage-gated channel subfamily KQT member 1,,"KCNQ1 (KCNA8, KCNA9, KVLQT1)",potassium,K_V,voltage-gated,PMID: 18165683
P56696,Potassium voltage-gated channel subfamily KQT member 4,,KCNQ4,potassium,K_V,voltage-gated,PMID: 17329207
Q03721,Potassium voltage-gated channel subfamily C member 4,,KCNC4 (C1orf30),potassium,K_V,voltage-gated,PMID: 7993631
Q09470,Potassium voltage-gated channel subfamily A member 1,,KCNA1,potassium,K_V,voltage-gated,PMID: 17156368
Q12809,Potassium voltage-gated channel subfamily H member 2,"ERG-1, Eag-related protein 1, Ether-a-go-go-related protein 1, H-ERG, hERG-1, hERG1","KCNH2 (ERG, ERG1, HERG)",potassium,K_V,voltage-gated,PMID: 31071485
Q14003,Potassium voltage-gated channel subfamily C member 3,,KCNC3,potassium,K_V,voltage-gated,PMID: 23734863
Q14721,Potassium voltage-gated channel subfamily B member 1,"DRK1, h-DRK1",KCNB1,potassium,K_V,voltage-gated,"PubMed:8081723, PubMed:1283219, PubMed:10484328, PubMed:12560340, PubMed:19074135, PubMed:19717558, PubMed:24901643"
Q16322,Potassium voltage-gated channel subfamily A member 10,,KCNA10,potassium,K_V,voltage-gated,PMID: 21231794
Q6PIU1,Potassium voltage-gated channel subfamily V member 1,,KCNV1,potassium,K_V,voltage-gated,PMID: 8670833
Q8NCM2,Potassium voltage-gated channel subfamily H member 5,hEAG2,KCNH5 (EAG2),potassium,K_V,voltage-gated,PMID: 31071485
Q8TAE7,Potassium voltage-gated channel subfamily G member 3,,KCNG3,potassium,K_V,voltage-gated,PMID: 11852086
Q8TDN1,Potassium voltage-gated channel subfamily G member 4,,KCNG4 (KCNG3),potassium,K_V,voltage-gated,PMID: 12060745
Q8TDN2,Potassium voltage-gated channel subfamily V member 2,,KCNV2,potassium,K_V,voltage-gated,PMID: 12060745
Q92953,Potassium voltage-gated channel subfamily B member 2,,KCNB2,potassium,K_V,voltage-gated,PMID: 10414301
Q96KK3,Potassium voltage-gated channel subfamily S member 1,,KCNS1,potassium,K_V,voltage-gated,PMID: 21231794
Q96L42,Potassium voltage-gated channel subfamily H member 8,"hElk1, ELK3, ELK channel 3",KCNH8,potassium,K_V,voltage-gated,PMID: 31071485
Q96PR1,Potassium voltage-gated channel subfamily C member 2,,KCNC2,potassium,K_V,voltage-gated,PMID: 11506885
Q96RP8,Potassium voltage-gated channel subfamily A member 7,,KCNA7,potassium,K_V,voltage-gated,PMID: 11368907
Q9BQ31,Potassium voltage-gated channel subfamily S member 3,,KCNS3,potassium,K_V,voltage-gated,PMID: 10484328
Q9H252,Potassium voltage-gated channel subfamily H member 6,"ERG-2, Eag-related protein 2, Ether-a-go-go-related protein 2, hERG-2, hERG2",KCNH6 (ERG2),potassium,K_V,voltage-gated,PMID: 31071485
Q9H3M0,Potassium voltage-gated channel subfamily F member 1,,KCNF1,potassium,K_V,voltage-gated,PMID: 12445884
Q9NR82,Potassium voltage-gated channel subfamily KQT member 5,,KCNQ5,potassium,K_V,voltage-gated,"PubMed:11159685, PubMed:10787416, PubMed:24855057"
Q9NS40,Potassium voltage-gated channel subfamily H member 7,"ERG-3, Eag-related protein 3, Ether-a-go-go-related protein 3, hERG-3",KCNH7 (ERG3),potassium,K_V,voltage-gated,PMID: 31071485
Q9NSA2,Potassium voltage-gated channel subfamily D member 1,,KCND1,potassium,K_V,voltage-gated,PMID: 31071485
Q9NZV8,Potassium voltage-gated channel subfamily D member 2,,KCND2 (KIAA1044),potassium,K_V,voltage-gated,"PubMed:14980201, PubMed:16934482, PubMed:24811166,"
Q9UIX4,Potassium voltage-gated channel subfamily G member 1,,KCNG1,potassium,K_V,voltage-gated,PubMed:19074135
Q9UJ96,Potassium voltage-gated channel subfamily G member 2,,KCNG2 (KCNF2),potassium,K_V,voltage-gated,PMID: 10551266
Q9UK17,Potassium voltage-gated channel subfamily D member 3,,KCND3,potassium,K_V,voltage-gated,PMID: 31071485
Q9ULD8,Potassium voltage-gated channel subfamily H member 3,"BEC1, ELK channel 2, ELK2",KCNH3 (KIAA1282),potassium,K_V,voltage-gated,PMID: 31071485
Q9ULS6,Potassium voltage-gated channel subfamily S member 2,,KCNS2 (KIAA1144),potassium,K_V,voltage-gated,PMID: 20393197
Q9UQ05,Potassium voltage-gated channel subfamily H member 4,"ELK1, ELK channel 1, BEC2",KCNH4,potassium,K_V,voltage-gated,PMID: 31071485
Q14722,Voltage-gated potassium channel subunit beta-1,,KCNAB1 (KCNA1B),potassium,K channel auxiliary,voltage-gated (auxiliary),PubMed:7499366
Q13303,Voltage-gated potassium channel subunit beta-2 ·,hKvbeta2,"KCNAB2 (KCNA2B, KCNK2)",potassium,K channel auxiliary,voltage-gated (auxiliary),PubMed:7649300
O43448,Voltage-gated potassium channel subunit beta-3 ·,,KCNAB3 (KCNA3B),potassium,K channel auxiliary,voltage-gated (auxiliary),PMID: 9857044
P35498,Sodium channel protein type 1 subunit alpha,,"SCN1A (NAC1, SCN1)",sodium,Na_V,voltage-gated,PubMed:21566136
P35499,Sodium channel protein type 4 subunit alpha,,SCN4A,sodium,Na_V,voltage-gated,"PubMed:29992740, PubMed:30190309"
Q14524,Sodium channel protein type 5 subunit alpha,,SCN5A,sodium,Na_V,voltage-gated,"PubMed:15217910, PubMed:15548568, PubMed:19666841"
Q15858,Sodium channel protein type 9 subunit alpha,"hNE-Na, PN1",SCN9A (NENA),sodium,Na_V,voltage-gated,PubMed:7720699
Q99250,Sodium channel protein type 2 subunit alpha,,"SCN2A (NAC2, SCN2A1, SCN2A2)",sodium,Na_V,voltage-gated,PubMed:1325650
Q9NY46,Sodium channel protein type 3 subunit alpha,,"SCN3A (KIAA1356, NAC3)",sodium,Na_V,voltage-gated,PubMed:15548568
Q9UI33,Sodium channel protein type 11 subunit alpha,PN5,"SCN11A (SCN12A, SNS2)",sodium,Na_V,voltage-gated,PMID: 10580103
Q9UQD0,Sodium channel protein type 8 subunit alpha,,SCN8A (MED),sodium,Na_V,voltage-gated,PubMed:29726066
Q9Y5Y9,Sodium channel protein type 10 subunit alpha,"PN3, hPN3",SCN10A,sodium,Na_V,voltage-gated,PMID: 9839820
Q01118,Sodium channel protein type 7 subunit alpha,,SCN7A (SCN6A),sodium,Na_V,voltage-gated,PMID: 1317577
P21817,Ryanodine receptor 1,,RYR1 (RYDR),calcium,RyR,"voltage-gated, ligand-gated",PubMed:18268335
Q15413,Ryanodine receptor 3,,RYR3 (HBRR),calcium,RyR,"voltage-gated, ligand-gated",PMID: 12354756
Q92736,Ryanodine receptor 2,,RYR2,calcium,RyR,"voltage-gated, ligand-gated",PMID: 10830164
Q8NHX9,Two pore channel protein 2,,TPCN2 (TPC2),"sodium, calcium",TPC,voltage-gated,"PubMed:19387438, PubMed:19620632, PubMed:20880839, PubMed:30860481, PubMed:32167471, PubMed:31825310, PubMed:23063126, PubMed:24776928, PubMed:23394946, PubMed:24502975"
Q9ULQ1,Two pore channel protein 1,,"TPCN1 (KIAA1169, TPC1)","sodium, calcium",TPC,voltage-gated,PubMed:23394946
O75762,Transient receptor potential cation channel subfamily A member 1,p120,TRPA1 (ANKTM1),non-selective cation,TRP,ligand-gated,"PubMed:25389312, PubMed:25855297"
O94759,Transient receptor potential cation channel subfamily M member 2,"TrpC7, LTrpC-2, LTrpC2","TRPM2 (EREG1, KNP3, LTRPC2, TRPC7)",non-selective cation,TRP,ligand-gated,"PubMed:11960981, PubMed:12594222, PubMed:11385575, PubMed:11509734, PubMed:11804595, PubMed:15561722, PubMed:16601673, PubMed:19171771, PubMed:20660597, PubMed:25620041, PubMed:27383051, PubMed:27068538, PubMed:28775320, PubMed:29745897, PubMed:30467180"
P48995,Short transient receptor potential channel 1,TRP-1,TRPC1 (TRP1),non-selective cation,TRP,ligand-gated,PMID: 15016832
Q13507,Short transient receptor potential channel 3,"TRP-3, hTrp-3, hTrp3",TRPC3 (TRP3),non-selective cation,TRP,ligand-gated,"PubMed:29700422, PubMed:30139744, PubMed:29726814, PubMed:35051376"
P98161,Polycystin-1,,PKD1,calcium,TRP,mechanosensitive,"PubMed:30093605, PMID: 12514735"
Q13563,Polycystin-2,,PKD2 (TRPP2),calcium,TRP,mechanosensitive,"PubMed:27214281, PubMed:29899465, PMID: 12514735"
Q7Z2W7,Transient receptor potential cation channel subfamily M member 8,"Trp-p8, LTrpC-6, LTrpC6","TRPM8 (LTRPC6, TRPP8)",non-selective cation,TRP,"voltage-gated, temperature sensitive, pH sensitive","PubMed:25559186, PMID: 33147416"
Q7Z4N2,Transient receptor potential cation channel subfamily M member 1,LTrpC1,"TRPM1 (LTRPC1, MLSN, MLSN1)",non-selective cation,TRP,voltage-gated,"PubMed:19436059, PubMed:21278253"
Q8IZK6,Mucolipin-2,TRPML2,MCOLN2,non-selective cation,TRP,"voltage-gated (inward rectifier), pH sensitive, mechanosensitive","PubMed:19940139, PubMed:19885840, PMID: 34915027"
Q8NER1,Transient receptor potential cation channel subfamily V member 1,OTRPC1,TRPV1 (VR1),non-selective cation,TRP,ligand-gated,PMID: 12077606
Q8NET8,Transient receptor potential cation channel subfamily V member 3,VRL-3,TRPV3,non-selective cation,TRP,"ligand-gated (outward rectifier), temperature-sensitive","PMID: 12077604, PMID: 32572254"
Q8TD43,Transient receptor potential cation channel subfamily M member 4,"LTrpC-4, LTrpC4",TRPM4 (LTRPC4),non-selective cation,TRP,voltage-gated,"PubMed:15331675, PubMed:29211723"
Q8TDD5,Mucolipin-3,TRPML3,MCOLN3,non-selective cation,TRP,ligand-gated,"PubMed:18369318, PubMed:19497048, PubMed:19522758, PubMed:19885840, PubMed:29106414"
Q96QT4,Transient receptor potential cation channel subfamily M member 7,"LTrpC-7, LTrpC7","TRPM7 (CHAK1, LTRPC7)","calcium, magnesium",TRP,ligand-gated,"PubMed:35561741, PMID: 35389104"
Q9BX84,Transient receptor potential cation channel subfamily M member 6,,TRPM6 (CHAK2),non-selective cation,TRP,voltage-gated (outward rectifier),"PMID: 14976260, PMID: 17904584"
Q9GZU1,Mucolipin-1,TRPML1,"MCOLN1 (ML4, TRPML1)",non-selective cation,TRP,"ligand-gated, pH-sensitive","PubMed:28112729, PubMed:29019983, PMID: 35131932"
Q9H1D0,Transient receptor potential cation channel subfamily V member 6,"CaT1, ECaC2, CaT-L",TRPV6 (ECAC2),calcium,TRP,voltage-gated,PubMed:15184369
Q9HBA0,Transient receptor potential cation channel subfamily V member 4,"VR-OAC, OTRPC4, TRP12, VRL-2","TRPV4 (VRL2, VROAC)",non-selective cation,TRP,"ligand-gated, voltage-gated, mechanosensitive, temperature-sensitive","PubMed:18826956, PubMed:18695040, PubMed:29899501,  PMID: 14707014"
Q9HCX4,Short transient receptor potential channel 7,"TRP-7, hTRP7",TRPC7 (TRP7),non-selective cation,TRP,"voltage-gated, pH sensitive","PMID: 21402151, PMID: 15579537"
Q9NQA5,Transient receptor potential cation channel subfamily V member 5,"OTRPC3, CaT2, ECaC, ECaC1",TRPV5 (ECAC1),non-selective cation,TRP,"voltage-gated, pH sensitive","PubMed:11549322, PubMed:18768590, PMID: 30975749"
Q9NZM6,Polycystic kidney disease 2-like 2 protein,,PKD2L2,"calcium, monovalent cation",TRP,voltage-gated (inward rectifier),"PMID: 10756092, PMID: 30004384"
Q9NZQ8,Transient receptor potential cation channel subfamily M member 5,"LTrpC-5, LTrpC5","TRPM5 (LTRPC5, MTR1)",non-selective cation,TRP,"voltage-gated, ligand-gated",PMID: 14634208
Q7Z443,Polycystic kidney disease protein 1-like 3,,PKD1L3,"cations, protons",TRP,"voltage-gated, proton-gated","PMID: 23212381, PMID: 18388856"
Q7Z442,Polycystic kidney disease protein 1-like 2,,"PKD1L2 (KIAA1879, PC1L2)",non-selective cation,TRP,voltage-gated,"PMID: 15203210, PMID: 31315976"
Q9P0L9,Polycystic kidney disease 2-like 1 protein,,"PKD2L1 (PKD2L, PKDL, TRPP3)",non-selective cation,TRP,voltage-gated,"PubMed:10517637, PubMed:11959145, PubMed:25820328, PubMed:27754867, PubMed:29425510, PubMed:23212381, PubMed:30004384"
Q9UBN4,Short transient receptor potential channel 4,"hTrp-4, hTrp4",TRPC4,non-selective cation,TRP,ligand-gated,PMID: 11042129
Q9UL62,Short transient receptor potential channel 5,"TRP-5, hTRP-5, hTRP5",TRPC5 (TRP5),non-selective cation,TRP,ligand-gated,PMID: 16284075
Q9Y210,Short transient receptor potential channel 6,TRP-6,TRPC6 (TRP6),non-selective cation,TRP,ligand-gated,"PubMed:19936226, PubMed:23291369"
Q9Y5S1,Transient receptor potential cation channel subfamily V member 2,"VRL-1, OTRPC2",TRPV2 (VRL),non-selective cation,TRP,voltage-gated (outward recitfier),PMID: 10201375
B7ZAQ6,Golgi pH regulator A,,"GPR89A (GPHRA, GPR89, SH120)",anion,,voltage-gated,"PubMed:12761501, PubMed:18794847"
P0CG08,Golgi pH regulator B,,"GPR89B (GPHRB, GPR89C)",anion,,voltage-gated,PubMed:18794847
Q5VT99,Leucine-rich repeat-containing protein 38,,LRRC38,Potassium,,voltage-gated (auxiliary),PMID: 22547800
Q6ZSA7,Leucine-rich repeat-containing protein 55,,LRRC55,Potassium,,voltage-gated (auxiliary),PMID: 22547800
Q9Y342,Plasmolipin,,"PLLP (PMLP, TM4SF11)",Potassium (probable),,probable voltage-gated,By similarity
Q8NFU0,Bestrophin-4,,BEST4 (VMD2L2),chloride,,ligand-gated,"PMID: 12907679, PMID: 30628889"
Q8TDI8,Transmembrane channel-like protein 1,,TMC1,non-selective cation (probable),,"mechanosensitive, voltage-gated","PMID: 11850618, PMID: 23871232"
Q8TDI7,Transmembrane channel-like protein 2,,TMC2 (C20orf145),non-selective cation (probable),,"mechanosensitive, voltage-gated","PMID: 11850618, PMID: 23871233"
Q7Z5M5,Transmembrane channel-like protein 3,,TMC3,non-selective cation (probable),,mechanosensitive,PMID: 12906855
Q7Z404,Transmembrane channel-like protein 4,,TMC4,non-selective cation (probable),,mechanosensitive,PMID: 12906855
Q6UXY8,Transmembrane channel-like protein 5,,TMC5,non-selective cation (probable),,mechanosensitive,"PMID: 12812529, PMID: 12906855"
Q7Z403,Transmembrane channel-like protein 6,,"TMC6 (EVER1, EVIN1)",non-selective cation (probable),,mechanosensitive,PMID: 12906855
Q7Z402,Transmembrane channel-like protein 7,,TMC7,non-selective cation (probable),,mechanosensitive,PMID: 12906855
Q8IU68,Transmembrane channel-like protein 8,,"TMC8 (EVER2, EVIN2)",non-selective cation (probable),,mechanosensitive,PMID: 12906855
Q9NVV0,Trimeric intracellular cation channel type B,,TMEM38B (C9orf87),Potassium,,voltage-gated,PMID: 30770441
O94886,CSC1-like protein 1,,"TMEM63A (KIAA0489, KIAA0792)",calcium,,mechanosensitive,"PubMed:30382938, PubMed:31587869"
Q5T3F8,CSC1-like protein 2,,TMEM63B (C6orf110),calcium,,mechanosensitive,PMID: 31243992
Q9H313,Protein tweety homolog 1,,TTYH1,chloride,,volume-gated,PMID: 15010458
Q9BSA4,Protein tweety homolog 2,,TTYH2 (C17orf29),chloride,,volume-gated,PMID: 15010458
P15382,Potassium voltage-gated channel subfamily E member 1,MinK,KCNE1,Potassium,K channel auxiliary,voltage-gated (auxiliary),PMID: 31071485
Q9Y6J6,Potassium voltage-gated channel subfamily E member 2,MiRP1,KCNE2,Potassium,K channel auxiliary,voltage-gated (auxiliary),PMID: 31071485
Q9Y6H6,Potassium voltage-gated channel subfamily E member 3,MiRP2,KCNE3,Potassium,K channel auxiliary,voltage-gated (auxiliary),PMID: 31071485
Q8WWG9,Potassium voltage-gated channel subfamily E member 4,MiRP3,KCNE4,Potassium,K channel auxiliary,voltage-gated (auxiliary),PMID: 31071485
Q9UJ90,Potassium voltage-gated channel subfamily E regulatory beta subunit 5,,"KCNE5 (AMMECR2, KCNE1L)",Potassium,K channel auxiliary,voltage-gated (auxiliary),PMID: 31071485
Q8IZF0,Sodium leak channel NALCN,,NALCN (VGCNL1),sodium,,voltage-gated,PubMed:17448995
B1AL88,NALCN channel auxiliary factor 1,,"NALF1 (FAM155A, NLF-1)",sodium,,voltage-gated (auxiliary),PMID: 32494638
O75949,NALCN channel auxiliary factor 2,,"NALF2 (FAM155B, TED, TMEM28)",sodium,,voltage-gated (auxiliary),PMID: 32494638
Q9P2D8,Protein unc-79 homolog,,UNC79 (KIAA1409),sodium,,voltage-gated (auxiliary),PMID: 32494638
Q8N2C7,Protein unc-80 homolog,,"UNC80 (C2orf21, KIAA1843)",sodium,,voltage-gated (auxiliary),PMID: 32494638
P42658,Dipeptidyl aminopeptidase-like protein 6,DPP VI,DPP6,potassium,,voltage-gated (auxiliary),PubMed:18364354
Q8N608,Inactive dipeptidyl peptidase 10,"DPL2, DPRP-3, DPP X","DPP10 (DPRP3, KIAA1492)",potassium,,voltage-gated (auxiliary),PubMed:15454437
Q99469,SH3 and cysteine-rich domain-containing protein,,STAC (STAC1),calcium,,voltage-gated (auxiliary),PubMed:29078335
Q6ZMT1,SH3 and cysteine-rich domain-containing protein 2,,STAC2,calcium,,voltage-gated (auxiliary),PubMed:29078335
Q96MF2,SH3 and cysteine-rich domain-containing protein 3,,STAC3,calcium,,voltage-gated (auxiliary),PubMed:29078335
Q9NZI2,Kv channel-interacting protein 1,KChIP1,"KCNIP1 (KCHIP1, VABP)",potassium,K channel auxiliary,voltage-gated (auxiliary),PMID: 31071485
Q9NS61,Kv channel-interacting protein 2,KChIP2,KCNIP2 (KCHIP2),potassium,K channel auxiliary,voltage-gated (auxiliary),PMID: 31071485
Q9Y2W7,Calsenilin,"DREAM, KChIP3","KCNIP3 (CSEN, DREAM, KCHIP3)",potassium,K channel auxiliary,voltage-gated (auxiliary),PMID: 31071485
Q6PIL6,Kv channel-interacting protein 4,,"KCNIP4 (CALP, KCHIP4)",potassium,K channel auxiliary,voltage-gated (auxiliary),PMID: 31071485
Q13586,Stromal interaction molecule 1,,STIM1 (GOK),calcium,,ligand-gated (auxiliary),"PubMed:16208375, PubMed:16537481"
Q9P246,Stromal interaction molecule 2,,STIM2 (KIAA1482),calcium,,ligand-gated (auxiliary),PMID: 17905723
Q6PI25,Protein cornichon homolog 2,,CNIH2 (CNIL),non-specific cation,,voltage-gated (auxiliary),PMID: 20805473
Q8TBE1,Protein cornichon homolog 3,,CNIH3,non-specific cation,,voltage-gated (auxiliary),PMID: 20805473
Q12879,"Glutamate receptor ionotropic, NMDA 2A","NMDAR2A, NR2A, hNR2A",GRIN2A (NMDAR2A),calcium,,ligand-gated,"PubMed:8768735, PubMed:26919761, PubMed:26875626, PubMed:28105280"
Q6UXU4,Germ cell-specific gene 1-like protein,,GSG1L,calcium,,voltage-gated (auxiliary),PMID: 26658868
Q99946,Proline-rich transmembrane protein 1,"DSPD1, SynDIG4","PRRT1 (C6orf31, NG5)",calcium,,voltage-gated (auxiliary),PMID: 29490264
Q7Z6L0,Proline-rich transmembrane protein 2 ·,DSPB3,PRRT2,calcium,,voltage-gated (auxiliary),PMID: 12032348
Q9NZU7,Calcium-binding protein 1,,CABP1,calcium,,voltage-gated (auxiliary),PubMed:14570872
Q9NPB3,Calcium-binding protein 2,,CABP2,calcium,,voltage-gated (auxiliary),PubMed:28183797
Q9NP86,Calcium-binding protein 5,,CABP5 (CABP3),calcium,,voltage-gated (auxiliary),PMID: 18586882
P57796,Calcium-binding protein 4,,CABP4,calcium,,voltage-gated (auxiliary),PMID: 22936811
Q9C0H2,Protein tweety homolog 3,,TTYH3 (KIAA1691),non-selective cation,,voltage-gated (auxiliary),"PMID: 15010458, PMID: 34385445, PMID: 34824283"
Q7LBE3,Solute carrier family 26 member 9,,SLC26A9,chloride,,voltage-gated,PMID: 32818062
Q8NFU1,Bestrophin-2,,BEST2 (VMD2L1),chloride,,voltage-gated (calcium),"PMID: 12907679, PMID: 35789156"
O76090,Bestrophin-1,,BEST1 (VMD2),chloride,,voltage-gated (calcium),"PubMed:26200502, PMID: 35789156"
Q8N1M1,Bestrophin-3,,BEST3 (VMD2L3),chloride,,voltage-gated (calcium),"PMID: 12907679, PMID: 35789156"
Q9HCF6,Transient receptor potential cation channel subfamily M member 3,"LTrpC-3, LTrpC3, MLSN2","TRPM3 (KIAA1616, LTRPC3)","calium, zinc",,"volume-gated, temperature sensitive","PMID: 12672799, PMID: 27227024"
Q9BXS9,Solute carrier family 26 member 6,Pendrin-L1,SLC26A6,anion,,voltage-gated,PMID: 33553213
Q9H6F2,Trimeric intracellular cation channel type A,,TMEM38A,cation,,voltage-gated,"PMID: 17611541, PMID: 30770441"
O00305,Voltage-dependent L-type calcium channel subunit beta-4,,CACNB4 (CACNLB4),calcium,,voltage-gated (auxiliary),PMID: 11880487
O60939,Sodium channel subunit beta-2,,SCN2B,sodium,,voltage-gated (auxiliary),PMID: 30765605
P04839,Cytochrome b-245 heavy chain,Cytochrome b558 subunit beta,CYBB (NOX2),proton,,voltage-gated,PMID: 28351984
P54284,Voltage-dependent L-type calcium channel subunit beta-3,,CACNB3 (CACNLB3),calcium,,voltage-gated (auxiliary),PubMed:29742403
Q02641,Voltage-dependent L-type calcium channel subunit beta-1,,CACNB1,calcium,,voltage-gated (auxiliary),"PubMed:1309651, PubMed:8107964, PubMed:15615847"
Q07699,Sodium channel subunit beta-1,,SCN1B,sodium,,voltage-gated (auxiliary),"PubMed:15525788, PubMed:21994374, PubMed:30190309"
Q08289,Voltage-dependent L-type calcium channel subunit beta-2,MYSB,"CACNB2 (CACNLB2, MYSB)",calcium,,voltage-gated (auxiliary),PMID: 19358333
Q15049,Membrane protein MLC1,,"MLC1 (KIAA0027, WKL1)",chloride,,voltage-gated,PMID: 24647135
Q2I0M4,Leucine-rich repeat-containing protein 26,,LRRC26 (CAPC),potassium,,voltage-gated (auxiliary),PMID: 22547800
Q8IWT1,Sodium channel subunit beta-4,,SCN4B,sodium,,voltage-gated (auxiliary),PubMed:24297919
Q8N7C0,Leucine-rich repeat-containing protein 52,,LRRC52,potassium,,voltage-gated (auxiliary),PMID: 22547800
Q8NE86,"Calcium uniporter protein, mitochondrial",,"MCU (C10orf42, CCDC109A)",calcium,,MICU-mediated gating,PMID: 32494073
Q8TDX9,Polycystic kidney disease protein 1-like 1,,PKD1L1,calcium,,voltage-gated (auxiliary),PMID: 24336289
Q8WXS4,Voltage-dependent calcium channel gamma-like subunit,,TMEM37 (PR),calcium,,probable voltage-gated (auxiliary),By similarity
Q96S66,Chloride channel CLIC-like protein 1,,"CLCC1 (KIAA0761, MCLC)",chloride,,voltage-gated,PubMed:30157172
Q9NY72,Sodium channel subunit beta-3,,SCN3B (KIAA1158),sodium,,voltage-gated,PMID: 11744748
Q9P1W3,Calcium permeable stress-gated cation channel 1,,"TMEM63C (C14orf171, CSC1)",non-specific cation,,stress-gated,PubMed:24503647
Q9H7V2,Synapse differentiation-inducing gene protein 1,DSPC2,SYNDIG1,calcium,,ligand-gated (auxiliary),PMID: 32004381
B4DS77,Protein shisa-9,,SHISA9,calcium,,ligand-gated (auxiliary),PMID: 32004381
Q6ZSJ9,Protein shisa-6,,SHISA6,calcium,,ligand-gated (auxiliary),PMID: 32004381
Q9H813,Proton-activated chloride channel,"PAORAC, ASOR, hTMEM206",PACC1,anion,,voltage-gated (outward rectifier),"PubMed:31023925, PubMed:31318332"
Q7RTM1,Proton channel OTOP1,hOtop1,OTOP1,proton,,proton-gated,PMID: 35920807
Q7RTS6,Proton channel OTOP2,,OTOP2,proton,,proton-gated,PMID: 35920807
Q7RTS5,Proton channel OTOP3,,OTOP3,proton,,proton-gated,PMID: 35920807
